timestamp,zone,flow_lpm,pressure_bar,moisture_pct,water_level_m,status
2026-09-14 23:59:16,A1,82.48,3.41,42.2,3.61,NORMAL
2026-09-15 00:00:16,A1,82.74,3.85,40.7,3.71,NORMAL
2026-09-15 00:01:16,B2,78.66,3.52,44.82,3.78,NORMAL
2026-09-15 00:02:16,A2,79.54,3.69,46.48,3.5,NORMAL
2026-09-15 00:03:16,B1,82.89,3.57,41.24,3.98,NORMAL
2026-09-15 00:04:16,B1,78.72,3.59,42.87,3.67,NORMAL
2026-09-15 00:05:16,B2,83.65,3.76,44.29,3.99,NORMAL
2026-09-15 00:06:16,B1,78.55,3.55,45.03,3.94,NORMAL
2026-09-15 00:07:16,B1,82.04,3.75,40.37,3.61,NORMAL
2026-09-15 00:08:16,B2,84.9,3.83,46.93,3.69,NORMAL
2026-09-15 00:09:16,B1,82.45,3.58,42.96,3.6,NORMAL
2026-09-15 00:10:16,A2,82.91,3.74,40.57,3.82,NORMAL
2026-09-15 00:11:16,A2,79.14,3.59,47.92,3.82,NORMAL
2026-09-15 00:12:16,A1,82.79,3.82,46.21,3.61,NORMAL
2026-09-15 00:13:16,B1,83.64,3.6,40.53,3.96,NORMAL
2026-09-15 00:14:16,A2,79.49,3.65,47.08,3.82,NORMAL
2026-09-15 00:15:16,B2,79.85,3.52,44.49,3.63,NORMAL
2026-09-15 00:16:16,B2,84.28,3.6,41.75,4.0,NORMAL
2026-09-15 00:17:16,B2,78.64,3.42,40.88,3.81,NORMAL
2026-09-15 00:18:16,B1,82.17,3.59,44.77,3.73,NORMAL
2026-09-15 00:19:16,B1,84.8,3.83,40.09,3.86,NORMAL
2026-09-15 00:20:16,A1,83.38,3.57,42.35,3.58,NORMAL
2026-09-15 00:21:16,A2,84.68,3.84,42.11,3.75,NORMAL
2026-09-15 00:22:16,A2,81.55,3.45,45.0,3.92,NORMAL
2026-09-15 00:23:16,A1,79.07,3.78,44.32,3.89,NORMAL
2026-09-15 00:24:16,B1,82.19,3.64,40.89,3.68,NORMAL
2026-09-15 00:25:16,B2,79.68,3.52,44.54,3.54,NORMAL
2026-09-15 00:26:16,B2,83.71,3.89,44.26,3.56,NORMAL
2026-09-15 00:27:16,A2,84.63,3.48,44.22,3.8,NORMAL
2026-09-15 00:28:16,B2,84.5,3.78,45.52,3.86,NORMAL
2026-09-15 00:29:16,A1,84.97,3.72,43.5,3.76,NORMAL
2026-09-15 00:30:16,A2,79.74,3.43,40.17,3.78,NORMAL
2026-09-15 00:31:16,A1,78.05,3.75,40.47,3.53,NORMAL
2026-09-15 00:32:16,A2,84.02,3.44,41.9,3.83,NORMAL
2026-09-15 00:33:16,A2,81.77,3.76,47.06,3.79,NORMAL
2026-09-15 00:34:16,B2,83.49,3.8,41.52,3.55,NORMAL
2026-09-15 00:35:16,A1,80.48,3.61,46.91,3.53,NORMAL
2026-09-15 00:36:16,A2,78.42,3.76,46.4,3.55,NORMAL
2026-09-15 00:37:16,A2,79.33,3.62,43.38,3.64,NORMAL
2026-09-15 00:38:16,A1,84.12,3.44,46.46,3.93,NORMAL
2026-09-15 00:39:16,A2,78.35,3.9,46.69,3.98,NORMAL
2026-09-15 00:40:16,A1,79.16,3.64,41.71,3.7,NORMAL
2026-09-15 00:41:16,B2,79.15,3.4,43.12,3.96,NORMAL
2026-09-15 00:42:16,B2,80.0,3.75,45.84,3.89,NORMAL
2026-09-15 00:43:16,A1,79.08,3.55,47.75,3.79,NORMAL
2026-09-15 00:44:16,A2,83.24,3.43,44.67,3.75,NORMAL
2026-09-15 00:45:16,A1,78.4,3.65,46.81,3.53,NORMAL
2026-09-15 00:46:16,A2,82.73,3.52,40.96,3.95,NORMAL
2026-09-15 00:47:16,B1,82.05,3.42,40.66,3.83,NORMAL
2026-09-15 00:48:16,B2,84.54,3.5,45.73,3.62,NORMAL
2026-09-15 00:49:16,A1,78.92,3.72,43.66,3.96,NORMAL
2026-09-15 00:50:16,A2,78.07,3.71,44.5,3.55,NORMAL
2026-09-15 00:51:16,A2,81.54,3.47,42.79,3.53,NORMAL
2026-09-15 00:52:16,A1,80.59,3.48,46.67,3.85,NORMAL
2026-09-15 00:53:16,A2,82.68,3.68,47.45,3.55,NORMAL
2026-09-15 00:54:16,B1,79.85,3.84,45.94,3.58,NORMAL
2026-09-15 00:55:16,B1,82.23,3.76,41.63,3.82,NORMAL
2026-09-15 00:56:16,B2,81.54,3.53,47.27,3.53,NORMAL
2026-09-15 00:57:16,B1,83.81,3.42,42.67,3.57,NORMAL
2026-09-15 00:58:16,A1,79.13,3.62,45.65,3.78,NORMAL
2026-09-15 00:59:16,B1,78.53,3.84,47.23,3.77,NORMAL
2026-09-15 01:00:16,A1,82.08,3.47,41.02,3.65,NORMAL
2026-09-15 01:01:16,B2,84.29,3.51,42.0,3.55,NORMAL
2026-09-15 01:02:16,A2,84.82,3.77,47.41,3.62,NORMAL
2026-09-15 01:03:16,B1,84.83,3.81,47.05,3.51,NORMAL
2026-09-15 01:04:16,A2,83.48,3.61,45.36,3.87,NORMAL
2026-09-15 01:05:16,B2,79.87,3.79,40.86,3.94,NORMAL
2026-09-15 01:06:16,A2,79.56,3.81,43.68,3.65,NORMAL
2026-09-15 01:07:16,A1,79.56,3.73,43.19,3.64,NORMAL
2026-09-15 01:08:16,B1,84.77,3.54,45.13,3.7,NORMAL
2026-09-15 01:09:16,B1,84.57,3.46,47.76,3.59,NORMAL
2026-09-15 01:10:16,B2,78.27,3.7,42.77,3.89,NORMAL
2026-09-15 01:11:16,B1,82.24,3.66,43.08,3.79,NORMAL
2026-09-15 01:12:16,A2,78.31,3.62,44.16,3.9,NORMAL
2026-09-15 01:13:16,B1,80.55,3.43,45.31,3.67,NORMAL
2026-09-15 01:14:16,B2,82.64,3.46,47.2,3.75,NORMAL
2026-09-15 01:15:16,B2,80.28,3.75,44.44,3.6,NORMAL
2026-09-15 01:16:16,A1,82.74,3.85,44.92,3.65,NORMAL
2026-09-15 01:17:16,B1,80.13,3.51,46.29,3.8,NORMAL
2026-09-15 01:18:16,A2,81.25,3.62,41.71,3.74,NORMAL
2026-09-15 01:19:16,A1,82.61,3.54,45.31,3.81,NORMAL
2026-09-15 01:20:16,A2,83.73,3.78,45.38,3.61,NORMAL
2026-09-15 01:21:16,A1,79.03,3.42,47.87,3.81,NORMAL
2026-09-15 01:22:16,B2,81.19,3.84,44.61,3.86,NORMAL
2026-09-15 01:23:16,A1,81.46,3.52,45.25,3.5,NORMAL
2026-09-15 01:24:16,B2,83.45,3.51,46.43,3.85,NORMAL
2026-09-15 01:25:16,B2,78.35,3.52,46.79,3.73,NORMAL
2026-09-15 01:26:16,B2,82.67,3.89,44.76,3.98,NORMAL
2026-09-15 01:27:16,B2,82.29,3.76,44.04,3.92,NORMAL
2026-09-15 01:28:16,A2,84.28,3.77,43.8,3.63,NORMAL
2026-09-15 01:29:16,A2,83.88,3.54,46.22,3.74,NORMAL
2026-09-15 01:30:16,B1,79.92,3.44,42.29,3.64,NORMAL
2026-09-15 01:31:16,A2,84.25,3.44,41.21,3.69,NORMAL
2026-09-15 01:32:16,B2,82.94,3.43,43.26,3.77,NORMAL
2026-09-15 01:33:16,A1,78.44,3.82,43.12,3.88,NORMAL
2026-09-15 01:34:16,B1,84.0,3.78,43.04,3.5,NORMAL
2026-09-15 01:35:16,A2,80.09,3.59,47.13,3.92,NORMAL
2026-09-15 01:36:16,B2,81.42,3.54,43.89,3.69,NORMAL
2026-09-15 01:37:16,A1,83.07,3.82,47.36,3.99,NORMAL
2026-09-15 01:38:16,B2,84.35,3.7,45.3,3.54,NORMAL
2026-09-15 01:39:16,A2,78.95,3.63,40.4,3.69,NORMAL
2026-09-15 01:40:16,B2,81.18,3.57,47.04,3.64,NORMAL
2026-09-15 01:41:16,B1,79.77,3.44,40.16,3.77,NORMAL
2026-09-15 01:42:16,A1,79.57,3.43,47.66,3.52,NORMAL
2026-09-15 01:43:16,A2,84.65,3.5,40.16,3.58,NORMAL
2026-09-15 01:44:16,B1,81.31,3.46,47.58,3.73,NORMAL
2026-09-15 01:45:16,A1,83.37,3.48,44.86,3.87,NORMAL
2026-09-15 01:46:16,B1,83.44,3.48,42.49,3.79,NORMAL
2026-09-15 01:47:16,A2,82.03,3.85,43.0,3.97,NORMAL
2026-09-15 01:48:16,B1,78.53,3.75,45.02,3.55,NORMAL
2026-09-15 01:49:16,A1,83.95,3.7,40.97,3.99,NORMAL
2026-09-15 01:50:16,B1,80.43,3.61,42.96,3.75,NORMAL
2026-09-15 01:51:16,B1,78.09,3.61,43.92,3.72,NORMAL
2026-09-15 01:52:16,B1,82.45,3.81,45.66,3.72,NORMAL
2026-09-15 01:53:16,B1,82.31,3.86,46.2,3.73,NORMAL
2026-09-15 01:54:16,B2,80.26,3.52,47.48,3.64,NORMAL
2026-09-15 01:55:16,A1,79.71,3.63,44.88,3.69,NORMAL
2026-09-15 01:56:16,B1,81.46,3.56,43.9,3.68,NORMAL
2026-09-15 01:57:16,A1,80.38,3.84,45.61,3.64,NORMAL
2026-09-15 01:58:16,A2,81.62,3.5,41.93,3.7,NORMAL
2026-09-15 01:59:16,A1,82.83,3.72,43.93,3.9,NORMAL
2026-09-15 02:00:16,B1,80.06,3.6,41.95,3.83,NORMAL
2026-09-15 02:01:16,B1,81.31,3.67,43.4,3.87,NORMAL
2026-09-15 02:02:16,A2,80.46,3.63,42.45,3.62,NORMAL
2026-09-15 02:03:16,A2,80.21,3.77,47.61,3.85,NORMAL
2026-09-15 02:04:16,B1,79.51,3.64,45.8,3.99,NORMAL
2026-09-15 02:05:16,B1,84.86,3.82,42.37,3.68,NORMAL
2026-09-15 02:06:16,B1,78.1,3.67,42.19,3.99,NORMAL
2026-09-15 02:07:16,A1,82.88,3.46,46.95,3.75,NORMAL
2026-09-15 02:08:16,A1,82.02,3.63,43.52,3.59,NORMAL
2026-09-15 02:09:16,B2,79.77,3.83,40.91,3.53,NORMAL
2026-09-15 02:10:16,B1,78.52,3.71,40.43,3.57,NORMAL
2026-09-15 02:11:16,A2,78.6,3.52,44.46,3.71,NORMAL
2026-09-15 02:12:16,B2,83.43,3.59,47.27,3.65,NORMAL
2026-09-15 02:13:16,A2,80.14,3.71,44.88,3.87,NORMAL
2026-09-15 02:14:16,A1,82.38,3.53,40.65,3.62,NORMAL
2026-09-15 02:15:16,A1,79.1,3.6,45.51,3.73,NORMAL
2026-09-15 02:16:16,A2,79.62,3.75,45.62,3.73,NORMAL
2026-09-15 02:17:16,A2,84.47,3.79,45.0,3.83,NORMAL
2026-09-15 02:18:16,A2,80.98,3.67,45.18,3.95,NORMAL
2026-09-15 02:19:16,B1,78.5,3.48,42.46,3.87,NORMAL
2026-09-15 02:20:16,B1,81.07,3.63,42.43,3.7,NORMAL
2026-09-15 02:21:16,B2,81.5,3.65,40.64,3.52,NORMAL
2026-09-15 02:22:16,A1,83.14,3.7,40.21,3.61,NORMAL
2026-09-15 02:23:16,A2,85.0,3.74,42.16,3.52,NORMAL
2026-09-15 02:24:16,B2,81.29,3.73,47.33,3.59,NORMAL
2026-09-15 02:25:16,B1,82.44,3.65,40.73,3.67,NORMAL
2026-09-15 02:26:16,B2,80.25,3.45,41.29,3.71,NORMAL
2026-09-15 02:27:16,B2,80.02,3.87,46.51,3.78,NORMAL
2026-09-15 02:28:16,A1,78.62,3.53,40.93,3.89,NORMAL
2026-09-15 02:29:16,B1,82.6,3.67,43.31,3.59,NORMAL
2026-09-15 02:30:16,B1,82.36,3.65,43.54,3.53,NORMAL
2026-09-15 02:31:16,A1,81.84,3.86,43.5,3.85,NORMAL
2026-09-15 02:32:16,B1,78.2,3.72,46.39,3.85,NORMAL
2026-09-15 02:33:16,A1,81.86,3.68,40.75,4.0,NORMAL
2026-09-15 02:34:16,B1,81.23,3.46,46.66,3.75,NORMAL
2026-09-15 02:35:16,A2,81.56,3.54,46.68,3.99,NORMAL
2026-09-15 02:36:16,A2,81.2,3.47,41.52,3.8,NORMAL
2026-09-15 02:37:16,B1,84.05,3.54,46.32,3.71,NORMAL
2026-09-15 02:38:16,B2,83.74,3.54,42.39,3.79,NORMAL
2026-09-15 02:39:16,B2,84.06,3.62,43.87,3.67,NORMAL
2026-09-15 02:40:16,B2,81.19,3.56,41.51,3.85,NORMAL
2026-09-15 02:41:16,B2,79.63,3.79,40.35,3.87,NORMAL
2026-09-15 02:42:16,B2,80.7,3.73,46.57,3.99,NORMAL
2026-09-15 02:43:16,A1,84.75,3.46,47.72,3.67,NORMAL
2026-09-15 02:44:16,A2,84.12,3.62,44.21,3.73,NORMAL
2026-09-15 02:45:16,B1,80.87,3.73,41.23,3.73,NORMAL
2026-09-15 02:46:16,B2,80.37,3.75,45.2,3.93,NORMAL
2026-09-15 02:47:16,A1,84.68,3.71,47.1,3.74,NORMAL
2026-09-15 02:48:16,A2,82.32,3.52,45.48,3.64,NORMAL
2026-09-15 02:49:16,A1,83.23,3.62,40.79,3.82,NORMAL
2026-09-15 02:50:16,A1,81.11,3.75,47.23,3.52,NORMAL
2026-09-15 02:51:16,A2,80.05,3.59,41.16,3.77,NORMAL
2026-09-15 02:52:16,A2,79.19,3.44,46.97,3.81,NORMAL
2026-09-15 02:53:16,B2,81.48,3.69,41.86,3.82,NORMAL
2026-09-15 02:54:16,A2,79.79,3.4,46.44,3.95,NORMAL
2026-09-15 02:55:16,B2,78.52,3.87,47.9,3.65,NORMAL
2026-09-15 02:56:16,B2,82.83,3.63,42.42,4.0,NORMAL
2026-09-15 02:57:16,B1,78.75,3.59,42.87,3.65,NORMAL
2026-09-15 02:58:16,A1,78.15,3.82,43.17,3.5,NORMAL
2026-09-15 02:59:16,A2,84.37,3.77,46.66,3.95,NORMAL
2026-09-15 03:00:16,A2,82.25,3.58,45.09,3.81,NORMAL
2026-09-15 03:01:16,B2,82.4,3.85,45.17,3.65,NORMAL
2026-09-15 03:02:16,B1,78.23,3.58,41.05,3.95,NORMAL
2026-09-15 03:03:16,B1,83.23,3.49,41.06,3.77,NORMAL
2026-09-15 03:04:16,B2,81.72,3.86,46.64,3.63,NORMAL
2026-09-15 03:05:16,B2,84.77,3.55,46.96,3.9,NORMAL
2026-09-15 03:06:16,B2,84.74,3.47,47.73,3.93,NORMAL
2026-09-15 03:07:16,A1,84.77,3.8,42.93,3.9,NORMAL
2026-09-15 03:08:16,B1,79.85,3.46,42.95,3.87,NORMAL
2026-09-15 03:09:16,A2,82.09,3.81,47.52,3.55,NORMAL
2026-09-15 03:10:16,A2,81.3,3.71,47.55,3.66,NORMAL
2026-09-15 03:11:16,B2,82.53,3.72,43.71,3.85,NORMAL
2026-09-15 03:12:16,A1,78.82,3.42,40.3,4.0,NORMAL
2026-09-15 03:13:16,B2,78.68,3.84,41.09,3.73,NORMAL
2026-09-15 03:14:16,B2,82.11,3.76,47.08,3.83,NORMAL
2026-09-15 03:15:16,A2,82.31,3.87,42.24,3.85,NORMAL
2026-09-15 03:16:16,B1,81.1,3.88,46.84,3.55,NORMAL
2026-09-15 03:17:16,A2,81.81,3.89,42.87,3.7,NORMAL
2026-09-15 03:18:16,A2,84.78,3.87,46.59,3.55,NORMAL
2026-09-15 03:19:16,A2,82.49,3.7,40.17,3.89,NORMAL
2026-09-15 03:20:16,A2,84.92,3.79,41.64,3.91,NORMAL
2026-09-15 03:21:16,A1,82.1,3.81,41.86,3.89,NORMAL
2026-09-15 03:22:16,A2,79.94,3.89,47.9,3.77,NORMAL
2026-09-15 03:23:16,A2,78.77,3.83,41.05,3.68,NORMAL
2026-09-15 03:24:16,B2,82.12,3.41,42.12,3.56,NORMAL
2026-09-15 03:25:16,A1,81.68,3.77,43.81,3.89,NORMAL
2026-09-15 03:26:16,B1,81.16,3.51,44.92,3.86,NORMAL
2026-09-15 03:27:16,B2,81.21,3.88,40.49,3.74,NORMAL
2026-09-15 03:28:16,A1,80.98,3.45,45.7,3.72,NORMAL
2026-09-15 03:29:16,B1,80.25,3.47,41.01,3.81,NORMAL
2026-09-15 03:30:16,B2,80.67,3.7,42.36,3.75,NORMAL
2026-09-15 03:31:16,A2,78.69,3.75,46.82,3.83,NORMAL
2026-09-15 03:32:16,B2,81.01,3.84,43.31,3.91,NORMAL
2026-09-15 03:33:16,B1,80.91,3.45,43.41,3.83,NORMAL
2026-09-15 03:34:16,A1,84.68,3.74,43.79,3.55,NORMAL
2026-09-15 03:35:16,A1,78.65,3.45,45.91,3.91,NORMAL
2026-09-15 03:36:16,B1,82.11,3.68,42.64,3.56,NORMAL
2026-09-15 03:37:16,A1,84.12,3.87,43.38,3.96,NORMAL
2026-09-15 03:38:16,A2,84.78,3.7,42.81,3.79,NORMAL
2026-09-15 03:39:16,B1,79.08,3.64,46.78,3.68,NORMAL
2026-09-15 03:40:16,A1,78.8,3.54,41.81,3.71,NORMAL
2026-09-15 03:41:16,B1,82.26,3.73,45.55,3.51,NORMAL
2026-09-15 03:42:16,A2,82.92,3.55,42.72,3.5,NORMAL
2026-09-15 03:43:16,A1,81.96,3.6,41.13,3.82,NORMAL
2026-09-15 03:44:16,A2,78.64,3.67,43.01,3.73,NORMAL
2026-09-15 03:45:16,A1,80.59,3.76,46.21,3.78,NORMAL
2026-09-15 03:46:16,A1,84.18,3.48,46.04,3.52,NORMAL
2026-09-15 03:47:16,B1,79.9,3.73,43.89,3.72,NORMAL
2026-09-15 03:48:16,B2,79.51,3.66,42.76,3.56,NORMAL
2026-09-15 03:49:16,A1,81.69,3.55,41.76,3.99,NORMAL
2026-09-15 03:50:16,B1,78.05,3.55,41.69,3.57,NORMAL
2026-09-15 03:51:16,A2,80.03,3.46,43.98,3.72,NORMAL
2026-09-15 03:52:16,B1,80.66,3.75,44.0,3.92,NORMAL
2026-09-15 03:53:16,A1,78.5,3.83,40.34,3.51,NORMAL
2026-09-15 03:54:16,B2,84.03,3.69,44.59,3.85,NORMAL
2026-09-15 03:55:16,B2,80.03,3.6,47.73,3.59,NORMAL
2026-09-15 03:56:16,A2,83.82,3.86,40.71,3.92,NORMAL
2026-09-15 03:57:16,B1,81.05,3.6,40.63,3.94,NORMAL
2026-09-15 03:58:16,A2,79.55,3.79,40.61,3.82,NORMAL
2026-09-15 03:59:16,A2,84.34,3.57,45.82,3.91,NORMAL
2026-09-15 04:00:16,A1,79.65,3.47,41.58,3.8,NORMAL
2026-09-15 04:01:16,B2,79.24,3.79,43.95,3.88,NORMAL
2026-09-15 04:02:16,B1,82.77,3.84,45.14,3.99,NORMAL
2026-09-15 04:03:16,B2,84.05,3.71,41.21,3.53,NORMAL
2026-09-15 04:04:16,A1,82.42,3.8,44.73,3.68,NORMAL
2026-09-15 04:05:16,A1,80.17,3.63,40.46,3.92,NORMAL
2026-09-15 04:06:16,B2,82.51,3.89,40.72,3.8,NORMAL
2026-09-15 04:07:16,B2,81.24,3.68,46.33,3.95,NORMAL
2026-09-15 04:08:16,A2,84.36,3.69,41.51,3.8,NORMAL
2026-09-15 04:09:16,A1,84.7,3.63,46.49,3.92,NORMAL
2026-09-15 04:10:16,B2,81.53,3.49,41.98,3.72,NORMAL
2026-09-15 04:11:16,B2,81.67,3.7,42.91,3.96,NORMAL
2026-09-15 04:12:16,B1,80.86,3.57,44.78,3.89,NORMAL
2026-09-15 04:13:16,A2,78.46,3.45,45.43,3.64,NORMAL
2026-09-15 04:14:16,B2,80.33,3.69,41.13,3.67,NORMAL
2026-09-15 04:15:16,B1,78.9,3.75,40.68,3.78,NORMAL
2026-09-15 04:16:16,A1,83.69,3.74,46.63,3.87,NORMAL
2026-09-15 04:17:16,A2,82.52,3.61,42.89,3.68,NORMAL
2026-09-15 04:18:16,A2,84.66,3.57,46.13,3.6,NORMAL
2026-09-15 04:19:16,A1,79.08,3.55,46.3,3.75,NORMAL
2026-09-15 04:20:16,A2,82.63,3.84,44.94,3.8,NORMAL
2026-09-15 04:21:16,A2,79.14,3.82,46.17,3.9,NORMAL
2026-09-15 04:22:16,B2,83.05,3.42,42.91,3.86,NORMAL
2026-09-15 04:23:16,A2,82.27,3.78,46.27,3.62,NORMAL
2026-09-15 04:24:16,B1,80.17,3.8,43.75,3.92,NORMAL
2026-09-15 04:25:16,B2,82.75,3.69,43.52,3.88,NORMAL
2026-09-15 04:26:16,A2,81.52,3.61,41.3,3.6,NORMAL
2026-09-15 04:27:16,A1,84.11,3.43,43.84,3.69,NORMAL
2026-09-15 04:28:16,A2,82.98,3.66,41.0,3.54,NORMAL
2026-09-15 04:29:16,A2,79.91,3.85,41.18,3.72,NORMAL
2026-09-15 04:30:16,B2,83.72,3.84,47.44,3.71,NORMAL
2026-09-15 04:31:16,A1,81.51,3.52,47.96,3.69,NORMAL
2026-09-15 04:32:16,A2,80.23,3.45,45.72,3.67,NORMAL
2026-09-15 04:33:16,A2,78.96,3.54,46.64,3.85,NORMAL
2026-09-15 04:34:16,A1,83.31,3.63,44.92,3.95,NORMAL
2026-09-15 04:35:16,B2,79.79,3.82,44.39,3.86,NORMAL
2026-09-15 04:36:16,B2,78.78,3.54,42.41,3.52,NORMAL
2026-09-15 04:37:16,B2,82.47,3.71,40.5,3.92,NORMAL
2026-09-15 04:38:16,A2,82.18,3.41,44.12,3.62,NORMAL
2026-09-15 04:39:16,A2,80.04,3.4,42.82,3.79,NORMAL
2026-09-15 04:40:16,A1,82.65,3.44,47.8,3.53,NORMAL
2026-09-15 04:41:16,B1,80.73,3.64,45.09,3.99,NORMAL
2026-09-15 04:42:16,A1,83.23,3.58,40.54,3.62,NORMAL
2026-09-15 04:43:16,B1,83.4,3.77,42.66,3.52,NORMAL
2026-09-15 04:44:16,B2,83.69,3.49,46.23,3.73,NORMAL
2026-09-15 04:45:16,B2,82.42,3.81,40.5,3.89,NORMAL
2026-09-15 04:46:16,B1,78.26,3.5,46.33,3.94,NORMAL
2026-09-15 04:47:16,B1,84.53,3.66,47.91,3.77,NORMAL
2026-09-15 04:48:16,A1,78.26,3.72,42.29,3.93,NORMAL
2026-09-15 04:49:16,B2,84.06,3.57,41.0,3.68,NORMAL
2026-09-15 04:50:16,B2,83.2,3.85,43.09,3.99,NORMAL
2026-09-15 04:51:16,A1,82.84,3.58,46.38,3.63,NORMAL
2026-09-15 04:52:16,B1,83.09,3.44,44.82,3.91,NORMAL
2026-09-15 04:53:16,B2,80.25,3.44,45.29,3.65,NORMAL
2026-09-15 04:54:16,B1,79.17,3.62,43.58,3.86,NORMAL
2026-09-15 04:55:16,A1,82.3,3.62,45.12,3.9,NORMAL
2026-09-15 04:56:16,A2,78.53,3.72,42.91,3.9,NORMAL
2026-09-15 04:57:16,A1,84.67,3.47,44.86,3.89,NORMAL
2026-09-15 04:58:16,A1,78.88,3.52,45.16,3.68,NORMAL
2026-09-15 04:59:16,A1,82.24,3.74,47.59,3.69,NORMAL
2026-09-15 05:00:16,A2,82.02,3.66,43.18,3.82,NORMAL
2026-09-15 05:01:16,A1,84.72,3.41,41.49,3.76,NORMAL
2026-09-15 05:02:16,B1,79.83,3.53,43.57,4.0,NORMAL
2026-09-15 05:03:16,A1,82.86,3.9,41.6,3.57,NORMAL
2026-09-15 05:04:16,B1,81.16,3.85,43.56,3.54,NORMAL
2026-09-15 05:05:16,B1,82.67,3.75,44.4,3.65,NORMAL
2026-09-15 05:06:16,B1,83.96,3.76,47.42,3.82,NORMAL
2026-09-15 05:07:16,B2,81.56,3.46,41.61,3.57,NORMAL
2026-09-15 05:08:16,A2,78.18,3.68,42.95,3.9,NORMAL
2026-09-15 05:09:16,B2,82.28,3.44,42.47,4.0,NORMAL
2026-09-15 05:10:16,B1,81.68,3.78,46.59,3.54,NORMAL
2026-09-15 05:11:16,A2,82.5,3.62,45.44,3.67,NORMAL
2026-09-15 05:12:16,A1,83.37,3.46,44.02,3.93,NORMAL
2026-09-15 05:13:16,A2,81.63,3.55,41.3,3.97,NORMAL
2026-09-15 05:14:16,B1,80.42,3.87,47.16,3.92,NORMAL
2026-09-15 05:15:16,A1,79.37,3.88,42.2,3.81,NORMAL
2026-09-15 05:16:16,B1,81.52,3.48,47.53,3.58,NORMAL
2026-09-15 05:17:16,A1,83.9,3.68,46.6,3.51,NORMAL
2026-09-15 05:18:16,B2,84.64,3.79,42.12,3.61,NORMAL
2026-09-15 05:19:16,B1,82.33,3.42,47.11,3.77,NORMAL
2026-09-15 05:20:16,A1,81.38,3.8,45.48,3.65,NORMAL
2026-09-15 05:21:16,B1,82.82,3.48,43.32,3.73,NORMAL
2026-09-15 05:22:16,B1,82.25,3.56,45.75,3.87,NORMAL
2026-09-15 05:23:16,B1,84.83,3.47,42.96,3.78,NORMAL
2026-09-15 05:24:16,A1,79.69,3.46,43.6,3.57,NORMAL
2026-09-15 05:25:16,A2,80.03,3.59,44.92,3.62,NORMAL
2026-09-15 05:26:16,A2,83.69,3.87,45.77,3.59,NORMAL
2026-09-15 05:27:16,A1,81.49,3.66,43.99,3.65,NORMAL
2026-09-15 05:28:16,B1,78.63,3.6,43.66,3.62,NORMAL
2026-09-15 05:29:16,B2,78.34,3.54,44.78,3.92,NORMAL
2026-09-15 05:30:16,B1,80.0,3.4,40.86,3.57,NORMAL
2026-09-15 05:31:16,A2,83.09,3.78,42.93,3.7,NORMAL
2026-09-15 05:32:16,B1,80.54,3.54,43.09,3.73,NORMAL
2026-09-15 05:33:16,A1,83.78,3.71,44.89,3.56,NORMAL
2026-09-15 05:34:16,A2,80.76,3.8,42.71,3.97,NORMAL
2026-09-15 05:35:16,A2,79.39,3.65,44.0,3.52,NORMAL
2026-09-15 05:36:16,A2,83.0,3.8,44.15,3.57,NORMAL
2026-09-15 05:37:16,B1,80.3,3.71,41.3,4.0,NORMAL
2026-09-15 05:38:16,B1,82.16,3.65,44.08,3.74,NORMAL
2026-09-15 05:39:16,B2,81.32,3.41,42.65,3.55,NORMAL
2026-09-15 05:40:16,A1,82.09,3.8,45.8,3.84,NORMAL
2026-09-15 05:41:16,A2,82.18,3.53,45.24,3.99,NORMAL
2026-09-15 05:42:16,B2,83.05,3.69,41.36,3.81,NORMAL
2026-09-15 05:43:16,A1,79.03,3.74,40.25,3.97,NORMAL
2026-09-15 05:44:16,A2,79.34,3.62,43.35,3.71,NORMAL
2026-09-15 05:45:16,A1,80.87,3.79,47.36,3.94,NORMAL
2026-09-15 05:46:16,B2,82.94,3.66,44.49,4.0,NORMAL
2026-09-15 05:47:16,B1,81.68,3.56,41.39,3.96,NORMAL
2026-09-15 05:48:16,B1,81.82,3.74,46.94,3.84,NORMAL
2026-09-15 05:49:16,A2,82.27,3.5,41.97,3.78,NORMAL
2026-09-15 05:50:16,B2,84.59,3.89,46.17,3.85,NORMAL
2026-09-15 05:51:16,B1,80.22,3.57,47.47,3.9,NORMAL
2026-09-15 05:52:16,B2,80.01,3.69,44.35,3.95,NORMAL
2026-09-15 05:53:16,B1,83.73,3.88,46.44,3.65,NORMAL
2026-09-15 05:54:16,B2,84.69,3.44,47.39,3.83,NORMAL
2026-09-15 05:55:16,B1,79.5,3.81,42.17,3.78,NORMAL
2026-09-15 05:56:16,A2,78.96,3.71,44.69,3.62,NORMAL
2026-09-15 05:57:16,A1,82.47,3.43,43.31,3.86,NORMAL
2026-09-15 05:58:16,A2,82.77,3.47,47.72,3.99,NORMAL
2026-09-15 05:59:16,A2,80.85,3.87,47.03,3.74,NORMAL
2026-09-15 06:00:16,A1,83.29,3.54,42.28,3.53,NORMAL
2026-09-15 06:01:16,A1,82.57,3.52,45.91,3.93,NORMAL
2026-09-15 06:02:16,A1,84.39,3.49,47.06,3.59,NORMAL
2026-09-15 06:03:16,B1,84.98,3.6,43.96,3.97,NORMAL
2026-09-15 06:04:16,B1,84.14,3.4,44.54,3.55,NORMAL
2026-09-15 06:05:16,A2,79.99,3.89,44.35,3.75,NORMAL
2026-09-15 06:06:16,A2,83.96,3.63,41.54,3.56,NORMAL
2026-09-15 06:07:16,B1,83.12,3.72,45.75,3.51,NORMAL
2026-09-15 06:08:16,B2,83.54,3.68,46.06,3.59,NORMAL
2026-09-15 06:09:16,A2,83.79,3.66,40.69,3.83,NORMAL
2026-09-15 06:10:16,B2,84.87,3.64,47.49,3.5,NORMAL
2026-09-15 06:11:16,A1,79.65,3.78,47.63,3.65,NORMAL
2026-09-15 06:12:16,B2,79.83,3.58,41.89,3.83,NORMAL
2026-09-15 06:13:16,B1,80.15,3.6,44.02,3.95,NORMAL
2026-09-15 06:14:16,A2,82.83,3.72,47.53,3.68,NORMAL
2026-09-15 06:15:16,B1,79.53,3.47,41.23,3.87,NORMAL
2026-09-15 06:16:16,A2,80.91,3.67,43.77,3.77,NORMAL
2026-09-15 06:17:16,B2,83.33,3.74,44.77,3.89,NORMAL
2026-09-15 06:18:16,A2,81.7,3.58,47.34,3.56,NORMAL
2026-09-15 06:19:16,A1,82.01,3.47,42.62,3.76,NORMAL
2026-09-15 06:20:16,B2,82.76,3.76,43.91,3.95,NORMAL
2026-09-15 06:21:16,A1,83.66,3.63,44.11,3.73,NORMAL
2026-09-15 06:22:16,B1,81.91,3.74,42.47,3.51,NORMAL
2026-09-15 06:23:16,B1,83.72,3.77,44.63,3.52,NORMAL
2026-09-15 06:24:16,B2,82.9,3.67,40.48,3.95,NORMAL
2026-09-15 06:25:16,B2,78.22,3.6,46.15,3.88,NORMAL
2026-09-15 06:26:16,B2,80.62,3.85,43.59,3.96,NORMAL
2026-09-15 06:27:16,B1,80.63,3.74,45.29,3.77,NORMAL
2026-09-15 06:28:16,A2,78.83,3.9,43.14,3.56,NORMAL
2026-09-15 06:29:16,B2,83.84,3.78,47.83,3.73,NORMAL
2026-09-15 06:30:16,B1,81.72,3.81,41.98,3.67,NORMAL
2026-09-15 06:31:16,B2,79.32,3.84,46.12,3.52,NORMAL
2026-09-15 06:32:16,A1,82.3,3.87,47.11,3.62,NORMAL
2026-09-15 06:33:16,A1,78.71,3.42,44.78,3.85,NORMAL
2026-09-15 06:34:16,A1,79.71,3.42,43.51,3.77,NORMAL
2026-09-15 06:35:16,B1,78.98,3.9,41.87,3.96,NORMAL
2026-09-15 06:36:16,A2,82.04,3.79,46.55,3.62,NORMAL
2026-09-15 06:37:16,A2,84.9,3.66,43.31,3.64,NORMAL
2026-09-15 06:38:16,B2,82.38,3.61,43.96,3.99,NORMAL
2026-09-15 06:39:16,B2,75.07,2.96,54.16,3.24,WARNING
2026-09-15 06:40:16,B1,69.65,3.07,52.41,3.27,WARNING
2026-09-15 06:41:16,B1,75.25,3.26,55.62,3.49,WARNING
2026-09-15 06:42:16,B2,71.5,2.93,53.3,3.22,WARNING
2026-09-15 06:43:16,B2,75.62,2.85,57.25,3.26,WARNING
2026-09-15 06:44:16,B1,71.39,3.1,50.4,3.22,WARNING
2026-09-15 06:45:16,B1,72.31,3.23,53.33,3.49,WARNING
2026-09-15 06:46:16,B2,69.91,2.9,57.41,3.42,WARNING
2026-09-15 06:47:16,B1,76.23,3.15,57.04,3.32,WARNING
2026-09-15 06:48:16,B2,72.97,3.19,53.81,3.36,WARNING
2026-09-15 06:49:16,B2,70.78,2.98,58.83,3.34,WARNING
2026-09-15 06:50:16,B1,74.85,2.96,52.03,3.29,WARNING
2026-09-15 06:51:16,B2,73.06,2.91,51.46,3.28,WARNING
2026-09-15 06:52:16,B1,70.66,2.9,52.3,3.37,WARNING
2026-09-15 06:53:16,B2,72.49,3.13,56.85,3.28,WARNING
2026-09-15 06:54:16,B2,76.7,3.12,54.91,3.25,WARNING
2026-09-15 06:55:16,B1,69.52,3.16,54.88,3.48,WARNING
2026-09-15 06:56:16,B1,72.72,3.22,50.74,3.45,WARNING
2026-09-15 06:57:16,B1,74.88,3.01,58.43,3.27,WARNING
2026-09-15 06:58:16,B2,68.08,3.05,53.73,3.39,WARNING
2026-09-15 06:59:16,B1,73.93,2.81,55.32,3.32,WARNING
2026-09-15 07:00:16,B2,72.76,2.94,59.77,3.21,WARNING
2026-09-15 07:01:16,B1,75.26,3.25,51.07,3.23,WARNING
2026-09-15 07:02:16,B2,70.17,3.11,52.52,3.31,WARNING
2026-09-15 07:03:16,B1,68.71,3.28,54.59,3.27,WARNING
2026-09-15 07:04:16,B1,70.7,3.21,50.81,3.5,WARNING
2026-09-15 07:05:16,B1,68.84,2.99,55.53,3.22,WARNING
2026-09-15 07:06:16,B2,74.33,2.84,58.45,3.39,WARNING
2026-09-15 07:07:16,B1,73.09,3.23,50.95,3.36,WARNING
2026-09-15 07:08:16,B2,70.07,3.25,56.92,3.37,WARNING
2026-09-15 07:09:16,B1,68.42,2.84,59.26,3.47,WARNING
2026-09-15 07:10:16,B1,69.61,3.23,50.16,3.26,WARNING
2026-09-15 07:11:16,B1,74.77,3.16,53.98,3.22,WARNING
2026-09-15 07:12:16,B2,73.08,3.08,58.49,3.4,WARNING
2026-09-15 07:13:16,B1,71.45,3.17,57.9,3.41,WARNING
2026-09-15 07:14:16,B1,72.51,3.29,50.54,3.33,WARNING
2026-09-15 07:15:16,B2,71.07,3.18,59.55,3.32,WARNING
2026-09-15 07:16:16,B2,68.27,2.94,59.93,3.35,WARNING
2026-09-15 07:17:16,B2,72.98,2.99,51.86,3.38,WARNING
2026-09-15 07:18:16,B1,68.77,3.11,57.98,3.41,WARNING
2026-09-15 07:19:16,B2,70.41,2.99,57.84,3.25,WARNING
2026-09-15 07:20:16,B2,70.85,2.85,50.05,3.29,WARNING
2026-09-15 07:21:16,B2,74.85,2.85,50.87,3.33,WARNING
2026-09-15 07:22:16,B2,68.93,2.84,55.54,3.38,WARNING
2026-09-15 07:23:16,B1,75.77,2.81,54.14,3.43,WARNING
2026-09-15 07:24:16,B2,73.15,2.88,53.81,3.24,WARNING
2026-09-15 07:25:16,B2,70.42,2.87,51.67,3.28,WARNING
2026-09-15 07:26:16,B2,72.36,2.84,52.52,3.27,WARNING
2026-09-15 07:27:16,B2,73.34,2.9,51.07,3.29,WARNING
2026-09-15 07:28:16,B2,70.99,3.11,58.04,3.3,WARNING
2026-09-15 07:29:16,B2,71.88,3.21,56.51,3.38,WARNING
2026-09-15 07:30:16,B2,70.89,3.27,52.01,3.29,WARNING
2026-09-15 07:31:16,B1,76.72,2.95,56.95,3.35,WARNING
2026-09-15 07:32:16,B1,70.93,2.94,57.86,3.31,WARNING
2026-09-15 07:33:16,B2,73.33,3.07,56.82,3.37,WARNING
2026-09-15 07:34:16,B1,76.49,2.9,57.98,3.45,WARNING
2026-09-15 07:35:16,B2,75.37,3.2,54.09,3.35,WARNING
2026-09-15 07:36:16,B1,70.18,3.13,57.15,3.44,WARNING
2026-09-15 07:37:16,B2,72.04,3.1,55.82,3.36,WARNING
2026-09-15 07:38:16,B1,72.89,3.2,53.6,3.47,WARNING
2026-09-15 07:39:16,B2,56.09,2.15,68.65,3.08,LEAK
2026-09-15 07:40:16,B2,61.13,2.34,68.45,3.32,LEAK
2026-09-15 07:41:16,B2,64.67,2.2,69.96,3.05,LEAK
2026-09-15 07:42:16,B2,55.99,2.13,69.47,3.28,LEAK
2026-09-15 07:43:16,B2,61.88,2.13,65.74,3.23,LEAK
2026-09-15 07:44:16,B2,61.8,2.41,63.51,3.5,LEAK
2026-09-15 07:45:16,B2,59.83,2.18,71.21,3.04,LEAK
2026-09-15 07:46:16,B2,63.31,2.44,65.48,3.17,LEAK
2026-09-15 07:47:16,B2,62.84,2.31,65.48,3.05,LEAK
2026-09-15 07:48:16,B2,62.22,2.27,62.67,3.02,LEAK
2026-09-15 07:49:16,B2,62.11,2.01,65.43,3.05,LEAK
2026-09-15 07:50:16,B2,63.0,2.56,69.4,3.26,LEAK
2026-09-15 07:51:16,B2,60.52,2.2,66.26,3.23,LEAK
2026-09-15 07:52:16,B2,62.98,2.38,63.86,3.33,LEAK
2026-09-15 07:53:16,B2,58.96,2.44,70.83,3.22,LEAK
2026-09-15 07:54:16,B2,59.3,2.0,64.15,3.14,LEAK
2026-09-15 07:55:16,B2,62.04,2.48,67.77,3.4,LEAK
2026-09-15 07:56:16,B2,60.37,2.22,63.97,3.06,LEAK
2026-09-15 07:57:16,B2,61.71,2.29,71.66,3.16,LEAK
2026-09-15 07:58:16,B2,58.89,2.24,63.14,3.18,LEAK
2026-09-15 07:59:16,B2,59.58,2.1,68.74,3.4,LEAK
2026-09-15 08:00:16,B2,64.19,2.35,68.72,3.16,LEAK
2026-09-15 08:01:16,B2,57.39,2.07,65.73,3.07,LEAK
2026-09-15 08:02:16,B2,58.88,2.36,67.75,3.21,LEAK
2026-09-15 08:03:16,B2,59.87,2.32,71.19,3.47,LEAK
2026-09-15 08:04:16,B2,56.73,2.1,64.89,3.09,LEAK
2026-09-15 08:05:16,B2,63.42,2.37,70.66,3.48,LEAK
2026-09-15 08:06:16,B2,59.85,2.12,65.84,3.28,LEAK
2026-09-15 08:07:16,B2,61.53,2.25,66.92,3.36,LEAK
2026-09-15 08:08:16,B2,59.44,2.1,67.65,3.4,LEAK
2026-09-15 08:09:16,B2,57.21,2.02,64.25,3.14,LEAK
2026-09-15 08:10:16,B2,62.81,2.34,69.73,3.25,LEAK
2026-09-15 08:11:16,B2,60.11,2.34,64.68,3.27,LEAK
2026-09-15 08:12:16,B2,64.91,2.33,69.57,3.38,LEAK
2026-09-15 08:13:16,B2,59.41,2.13,66.25,3.37,LEAK
2026-09-15 08:14:16,B2,61.54,2.15,70.75,3.02,LEAK
2026-09-15 08:15:16,B2,57.63,2.52,62.87,3.43,LEAK
2026-09-15 08:16:16,B2,56.17,2.49,64.1,3.37,LEAK
2026-09-15 08:17:16,B2,61.89,2.52,68.1,3.21,LEAK
2026-09-15 08:18:16,B2,61.16,2.47,70.14,3.4,LEAK
